account_id,customer_id,product_id,branch_id,opened_date,status,credit_limit
a000001,c00001,p2,b019,2024-03-01,Active,
a000002,c00002,p5,b006,2022-10-22,Active,10805
a000003,c00003,p4,b005,2022-07-22,Active,
a000004,c00004,p4,b001,2024-11-28,Active,
a000005,c00004,p2,b018,2017-06-29,Active,
a000006,c00004,p1,b001,2022-05-10,Active,
a000007,c00005,p1,b008,2022-05-18,Active,
a000008,c00006,p2,b013,2022-06-30,Active,
a000009,c00006,p3,b020,2022-06-11,Active,
a000010,c00007,p4,b003,2021-07-31,Active,
a000011,c00008,p2,b008,2024-12-30,Active,
a000012,c00009,p2,b008,2021-06-26,Active,
a000013,c00009,p4,b012,2022-06-07,Active,
a000014,c00010,p2,b020,2024-01-29,Active,
a000015,c00010,p4,b015,2019-03-06,Active,
a000016,c00011,p1,b011,2022-01-25,Active,
a000017,c00011,p4,b019,2022-04-22,Closed,
a000018,c00011,p2,b007,2023-10-06,Active,
a000019,c00012,p1,b017,2023-03-21,Active,
a000020,c00013,p4,b013,2024-11-22,Active,
a000021,c00013,p2,b017,2024-10-02,Active,
a000022,c00013,p5,b003,2024-12-21,Active,23021
a000023,c00014,p4,b007,2022-11-15,Active,
a000024,c00014,p4,b010,2022-08-26,Active,
a000025,c00014,p5,b013,2020-12-30,Active,9504
a000026,c00015,p1,b008,2023-06-09,Active,
a000027,c00015,p2,b009,2022-08-04,Active,
a000028,c00016,p5,b016,2022-05-05,Active,6971
a000029,c00017,p3,b011,2024-07-18,Active,
a000030,c00017,p2,b002,2024-11-16,Active,
a000031,c00018,p3,b001,2024-05-16,Active,
a000032,c00018,p5,b009,2023-05-14,Active,10467
a000033,c00018,p2,b017,2023-09-12,Active,
a000034,c00019,p5,b017,2020-11-09,Active,6212
a000035,c00020,p1,b012,2024-03-05,Active,
a000036,c00021,p1,b009,2023-04-26,Active,
a000037,c00022,p4,b009,2024-03-04,Active,
a000038,c00022,p4,b016,2024-06-06,Closed,
a000039,c00023,p1,b007,2023-08-25,Active,
a000040,c00024,p1,b004,2023-11-12,Active,
a000041,c00025,p4,b010,2024-06-27,Active,
a000042,c00026,p2,b015,2022-09-24,Active,
a000043,c00027,p1,b011,2024-04-06,Active,
a000044,c00027,p4,b011,2024-12-14,Active,
a000045,c00027,p1,b016,2024-09-24,Active,
a000046,c00028,p5,b019,2024-06-06,Active,1512
a000047,c00029,p5,b012,2023-12-12,Active,8957
a000048,c00029,p2,b011,2024-04-09,Active,
a000049,c00030,p1,b011,2021-01-04,Active,
a000050,c00030,p4,b013,2017-12-18,Active,
a000051,c00031,p2,b001,2021-02-13,Active,
a000052,c00032,p2,b017,2023-08-16,Active,
a000053,c00033,p2,b007,2022-07-25,Active,
a000054,c00033,p5,b010,2022-12-26,Active,10255
a000055,c00034,p4,b018,2024-12-03,Active,
a000056,c00035,p1,b017,2024-10-19,Active,
a000057,c00036,p3,b011,2024-01-07,Active,
a000058,c00037,p1,b012,2020-09-24,Active,
a000059,c00037,p5,b012,2022-01-10,Active,9062
a000060,c00037,p1,b009,2021-09-03,Active,
a000061,c00038,p5,b009,2024-05-10,Active,16766
a000062,c00038,p4,b013,2024-07-19,Active,
a000063,c00039,p1,b010,2023-06-12,Active,
a000064,c00040,p5,b009,2023-09-28,Active,24820
a000065,c00041,p1,b001,2022-04-21,Active,
a000066,c00041,p3,b012,2021-12-13,Closed,
a000067,c00041,p3,b010,2023-09-21,Active,
a000068,c00042,p4,b013,2023-12-25,Active,
a000069,c00043,p3,b015,2024-01-15,Active,
a000070,c00043,p5,b004,2023-12-31,Closed,10546
a000071,c00044,p1,b010,2023-09-21,Active,
a000072,c00044,p5,b007,2023-05-22,Active,23906
a000073,c00044,p5,b003,2021-07-20,Active,21311
a000074,c00045,p1,b006,2023-09-03,Active,
a000075,c00046,p4,b003,2022-06-14,Active,
a000076,c00046,p5,b001,2022-01-12,Active,3041
a000077,c00046,p5,b012,2022-10-13,Active,24325
a000078,c00047,p1,b008,2020-08-19,Active,
a000079,c00047,p3,b016,2020-08-11,Active,
a000080,c00048,p3,b013,2024-01-25,Active,
a000081,c00049,p3,b001,2023-09-24,Active,
a000082,c00049,p4,b007,2024-04-29,Active,
a000083,c00050,p3,b002,2023-02-26,Active,
a000084,c00051,p4,b012,2021-07-04,Active,
a000085,c00051,p2,b012,2023-12-13,Active,
a000086,c00052,p2,b018,2024-10-05,Active,
a000087,c00053,p5,b003,2021-06-06,Active,24842
a000088,c00054,p3,b012,2024-08-01,Active,
a000089,c00054,p3,b001,2023-04-12,Active,
a000090,c00055,p1,b005,2022-12-14,Active,
a000091,c00056,p4,b001,2023-11-06,Closed,
a000092,c00056,p1,b004,2022-12-28,Active,
a000093,c00057,p3,b002,2023-02-01,Active,
a000094,c00057,p2,b007,2024-03-19,Active,
a000095,c00058,p3,b010,2024-08-28,Closed,
a000096,c00059,p1,b013,2024-12-14,Closed,
a000097,c00060,p3,b016,2023-01-15,Active,
a000098,c00061,p5,b003,2024-07-12,Active,18333
a000099,c00062,p3,b012,2024-06-15,Active,
a000100,c00062,p5,b001,2023-11-09,Active,2893
a000101,c00063,p4,b017,2022-11-03,Closed,
a000102,c00064,p2,b017,2024-10-02,Active,
a000103,c00064,p2,b014,2024-05-29,Active,
a000104,c00065,p5,b012,2020-02-10,Active,9999
a000105,c00065,p3,b020,2020-05-08,Active,
a000106,c00065,p3,b007,2021-06-25,Active,
a000107,c00066,p5,b003,2021-02-12,Active,18907
a000108,c00067,p1,b010,2024-10-16,Active,
a000109,c00067,p2,b012,2021-08-22,Active,
a000110,c00068,p2,b020,2024-10-30,Active,
a000111,c00069,p2,b014,2024-09-01,Active,
a000112,c00070,p2,b002,2024-10-28,Active,
a000113,c00070,p1,b001,2024-09-17,Active,
a000114,c00071,p4,b006,2024-12-03,Active,
a000115,c00072,p4,b002,2021-05-25,Active,
a000116,c00073,p5,b014,2023-11-29,Active,14791
a000117,c00074,p3,b011,2022-07-17,Active,
a000118,c00074,p3,b003,2019-05-11,Active,
a000119,c00075,p3,b017,2024-03-18,Active,
a000120,c00076,p3,b003,2019-11-06,Active,
a000121,c00077,p3,b008,2024-11-29,Active,
a000122,c00078,p1,b002,2023-08-14,Active,
a000123,c00078,p3,b005,2020-02-24,Closed,
a000124,c00079,p1,b010,2024-10-04,Active,
a000125,c00079,p5,b007,2024-08-11,Active,11961
a000126,c00080,p2,b006,2023-01-03,Active,
a000127,c00080,p1,b006,2021-09-27,Active,
a000128,c00081,p1,b016,2022-08-18,Active,
a000129,c00081,p2,b005,2023-07-03,Active,
a000130,c00082,p2,b019,2018-11-01,Active,
a000131,c00083,p3,b008,2023-09-02,Active,
a000132,c00083,p2,b002,2023-09-08,Active,
a000133,c00084,p4,b005,2024-05-15,Active,
a000134,c00085,p3,b012,2022-05-23,Active,
a000135,c00085,p4,b009,2024-11-02,Active,
a000136,c00085,p1,b009,2024-04-29,Active,
a000137,c00086,p3,b011,2023-02-12,Active,
a000138,c00087,p2,b019,2023-10-07,Active,
a000139,c00088,p4,b007,2024-08-13,Active,
a000140,c00088,p1,b010,2023-09-05,Active,
a000141,c00089,p4,b010,2024-04-22,Active,
a000142,c00090,p1,b016,2022-04-12,Active,
a000143,c00091,p5,b002,2023-05-21,Active,11000
a000144,c00091,p4,b003,2023-01-01,Active,
a000145,c00092,p3,b017,2022-02-04,Active,
a000146,c00093,p2,b001,2024-08-15,Active,
a000147,c00094,p3,b020,2023-08-12,Active,
a000148,c00094,p1,b003,2023-08-12,Closed,
a000149,c00095,p5,b012,2018-07-04,Active,12321
a000150,c00096,p2,b006,2024-06-01,Active,
a000151,c00096,p2,b009,2020-12-19,Active,
a000152,c00096,p5,b014,2022-03-28,Active,1031
a000153,c00097,p1,b004,2023-10-13,Active,
a000154,c00097,p1,b017,2023-08-18,Active,
a000155,c00098,p3,b016,2023-07-14,Active,
a000156,c00099,p2,b009,2024-02-13,Active,
a000157,c00099,p2,b009,2024-12-20,Active,
a000158,c00100,p2,b017,2023-07-09,Active,
a000159,c00100,p2,b009,2024-08-16,Active,
a000160,c00101,p1,b015,2024-02-29,Active,
a000161,c00102,p4,b017,2024-08-03,Active,
a000162,c00103,p5,b014,2024-11-20,Active,5816
a000163,c00103,p2,b007,2024-12-02,Active,
a000164,c00104,p2,b018,2021-07-23,Active,
a000165,c00104,p1,b015,2023-12-09,Active,
a000166,c00105,p2,b012,2022-02-16,Active,
a000167,c00106,p5,b005,2023-12-31,Active,22172
a000168,c00106,p4,b016,2024-10-13,Active,
a000169,c00107,p4,b019,2019-05-04,Active,
a000170,c00108,p4,b016,2022-04-16,Active,
a000171,c00109,p4,b008,2022-04-08,Active,
a000172,c00110,p1,b019,2024-06-11,Active,
a000173,c00111,p5,b016,2024-10-30,Active,21368
a000174,c00112,p4,b019,2024-02-11,Active,
a000175,c00113,p2,b003,2024-07-20,Active,
a000176,c00113,p5,b005,2024-11-19,Active,22177
a000177,c00114,p5,b020,2019-09-03,Active,17839
a000178,c00114,p2,b011,2018-08-25,Active,
a000179,c00115,p3,b020,2023-05-21,Active,
a000180,c00116,p1,b013,2022-11-02,Active,
a000181,c00116,p3,b007,2024-05-30,Active,
a000182,c00117,p1,b018,2024-03-08,Active,
a000183,c00117,p3,b017,2021-11-18,Active,
a000184,c00118,p1,b009,2020-09-30,Active,
a000185,c00118,p3,b009,2020-04-20,Active,
a000186,c00119,p5,b012,2024-11-06,Active,1864
a000187,c00120,p4,b015,2024-03-01,Active,
a000188,c00121,p3,b017,2023-04-03,Active,
a000189,c00122,p2,b010,2022-07-25,Active,
a000190,c00123,p1,b007,2021-05-06,Active,
a000191,c00124,p3,b012,2020-08-03,Active,
a000192,c00125,p1,b002,2021-09-08,Active,
a000193,c00126,p5,b011,2023-11-30,Active,2171
a000194,c00126,p4,b004,2023-05-28,Closed,
a000195,c00126,p3,b009,2019-06-30,Active,
a000196,c00127,p5,b019,2018-07-13,Active,15129
a000197,c00127,p4,b012,2023-12-06,Active,
a000198,c00127,p4,b001,2023-07-24,Active,
a000199,c00128,p5,b012,2020-12-05,Active,4398
a000200,c00128,p1,b020,2023-08-15,Active,
a000201,c00129,p1,b005,2023-04-14,Active,
a000202,c00129,p4,b009,2021-03-13,Active,
a000203,c00130,p3,b004,2023-01-18,Active,
a000204,c00130,p5,b004,2022-11-11,Active,22670
a000205,c00130,p2,b005,2020-11-13,Active,
a000206,c00131,p5,b017,2024-02-08,Active,3058
a000207,c00132,p2,b012,2021-12-13,Active,
a000208,c00133,p4,b011,2019-09-15,Active,
a000209,c00134,p1,b011,2024-07-17,Active,
a000210,c00135,p3,b010,2024-05-01,Active,
a000211,c00136,p4,b012,2024-12-13,Active,
a000212,c00136,p1,b012,2024-12-20,Active,
a000213,c00137,p5,b013,2024-06-07,Active,3287
a000214,c00137,p5,b019,2024-11-16,Active,13516
a000215,c00138,p4,b009,2024-09-14,Active,
a000216,c00138,p5,b015,2022-04-28,Active,24764
a000217,c00139,p1,b015,2021-04-27,Active,
a000218,c00139,p3,b018,2021-11-25,Active,
a000219,c00140,p2,b003,2022-02-15,Active,
a000220,c00141,p2,b010,2023-08-11,Active,
a000221,c00141,p1,b020,2021-07-18,Active,
a000222,c00141,p2,b005,2021-12-18,Active,
a000223,c00142,p2,b002,2024-03-26,Active,
a000224,c00143,p2,b005,2022-02-08,Active,
a000225,c00144,p5,b006,2021-11-24,Active,23903
a000226,c00144,p4,b019,2022-10-16,Active,
a000227,c00144,p5,b006,2021-03-21,Active,17550
a000228,c00145,p2,b012,2022-10-06,Active,
a000229,c00146,p1,b010,2024-04-29,Active,
a000230,c00146,p1,b017,2022-11-08,Active,
a000231,c00147,p3,b003,2022-12-24,Active,
a000232,c00148,p2,b020,2023-04-11,Active,
a000233,c00148,p1,b017,2022-10-07,Active,
a000234,c00149,p4,b001,2017-09-30,Active,
a000235,c00149,p2,b002,2023-11-13,Active,
a000236,c00150,p4,b007,2024-04-08,Active,
a000237,c00151,p4,b014,2023-04-04,Active,
a000238,c00151,p3,b003,2024-09-26,Active,
a000239,c00152,p5,b002,2024-01-04,Active,2623
a000240,c00152,p3,b013,2023-06-26,Active,
a000241,c00152,p4,b009,2024-12-24,Active,
a000242,c00153,p3,b020,2024-11-07,Active,
a000243,c00154,p2,b004,2019-12-31,Active,
a000244,c00155,p2,b003,2024-07-22,Active,
a000245,c00156,p4,b010,2018-07-27,Active,
a000246,c00157,p4,b006,2024-11-02,Active,
a000247,c00157,p3,b020,2020-06-16,Active,
a000248,c00158,p2,b006,2022-07-11,Active,
a000249,c00158,p3,b016,2017-03-04,Active,
a000250,c00159,p4,b015,2024-10-05,Closed,
a000251,c00160,p5,b001,2020-08-12,Active,7417
a000252,c00160,p5,b017,2020-10-10,Active,3269
a000253,c00161,p2,b004,2024-10-03,Active,
a000254,c00161,p2,b001,2024-12-01,Active,
a000255,c00162,p1,b019,2023-08-29,Active,
a000256,c00163,p5,b002,2023-11-08,Active,19029
a000257,c00164,p1,b003,2022-09-22,Active,
a000258,c00165,p5,b017,2024-10-11,Active,12502
a000259,c00166,p2,b016,2023-10-18,Closed,
a000260,c00166,p4,b017,2024-03-15,Active,
a000261,c00167,p1,b014,2019-09-04,Active,
a000262,c00168,p1,b014,2023-05-08,Active,
a000263,c00168,p4,b008,2024-09-04,Active,
a000264,c00169,p3,b019,2024-10-05,Active,
a000265,c00170,p5,b020,2024-06-19,Active,15581
a000266,c00171,p3,b005,2023-10-23,Active,
a000267,c00172,p2,b013,2019-02-03,Active,
a000268,c00172,p3,b017,2018-03-05,Active,
a000269,c00173,p2,b012,2022-06-09,Active,
a000270,c00174,p2,b007,2023-03-28,Active,
a000271,c00174,p2,b016,2023-05-20,Active,
a000272,c00175,p5,b012,2019-11-21,Active,6834
a000273,c00175,p4,b012,2018-07-08,Active,
a000274,c00176,p1,b015,2023-12-12,Active,
a000275,c00176,p1,b016,2022-09-15,Active,
a000276,c00176,p3,b001,2024-01-03,Active,
a000277,c00177,p1,b005,2023-05-22,Active,
a000278,c00178,p5,b005,2023-11-23,Active,13067
a000279,c00179,p5,b003,2023-12-29,Active,13178
a000280,c00179,p2,b006,2024-11-14,Active,
a000281,c00180,p1,b002,2024-03-12,Active,
a000282,c00181,p2,b012,2024-04-14,Active,
a000283,c00182,p4,b017,2024-07-24,Active,
a000284,c00183,p4,b012,2020-02-04,Active,
a000285,c00184,p2,b008,2024-08-03,Active,
a000286,c00184,p3,b011,2024-09-15,Active,
a000287,c00185,p5,b008,2024-11-07,Active,8912
a000288,c00185,p4,b001,2022-04-08,Active,
a000289,c00186,p3,b006,2017-07-20,Active,
a000290,c00187,p2,b012,2022-02-07,Active,
a000291,c00188,p1,b012,2022-08-27,Active,
a000292,c00188,p5,b016,2024-02-08,Active,13680
a000293,c00189,p2,b017,2024-11-16,Active,
a000294,c00189,p5,b012,2024-11-14,Active,18309
a000295,c00190,p3,b015,2023-07-30,Active,
a000296,c00190,p2,b015,2024-03-03,Active,
a000297,c00191,p5,b003,2024-12-25,Active,23586
a000298,c00192,p3,b020,2024-01-17,Active,
a000299,c00193,p3,b005,2021-10-28,Active,
a000300,c00194,p4,b019,2024-11-12,Active,
a000301,c00194,p5,b007,2024-12-21,Active,7064
a000302,c00195,p1,b015,2021-07-15,Active,
a000303,c00196,p4,b008,2024-10-15,Active,
a000304,c00197,p2,b005,2024-10-05,Active,
a000305,c00197,p5,b017,2024-09-11,Active,22877
a000306,c00197,p5,b014,2024-11-06,Active,10165
a000307,c00198,p5,b007,2019-02-10,Active,14344
a000308,c00198,p4,b012,2024-09-18,Active,
a000309,c00199,p4,b018,2019-08-14,Active,
a000310,c00199,p3,b015,2018-06-18,Active,
a000311,c00200,p5,b003,2023-07-14,Active,10772
a000312,c00201,p5,b007,2021-03-25,Active,10992
a000313,c00202,p5,b003,2018-05-23,Active,18013
a000314,c00203,p2,b009,2022-05-29,Active,
a000315,c00204,p5,b017,2024-03-16,Active,5482
a000316,c00204,p4,b020,2024-09-08,Active,
a000317,c00204,p5,b008,2024-08-05,Active,10919
a000318,c00205,p2,b007,2022-09-17,Active,
a000319,c00205,p2,b002,2024-09-23,Active,
a000320,c00206,p3,b014,2023-05-23,Active,
a000321,c00207,p3,b014,2017-06-14,Active,
a000322,c00208,p5,b004,2022-06-09,Active,6188
a000323,c00209,p2,b007,2023-08-26,Active,
a000324,c00210,p2,b018,2023-05-13,Active,
a000325,c00210,p2,b010,2024-06-01,Active,
a000326,c00211,p4,b002,2020-12-04,Active,
a000327,c00212,p3,b002,2023-09-25,Active,
a000328,c00212,p2,b017,2023-03-12,Active,
a000329,c00213,p2,b006,2022-07-27,Active,
a000330,c00213,p4,b017,2023-07-26,Active,
a000331,c00214,p4,b009,2023-01-07,Closed,
a000332,c00215,p3,b014,2024-05-14,Active,
a000333,c00215,p4,b006,2022-08-20,Active,
a000334,c00216,p2,b016,2023-10-07,Active,
a000335,c00216,p5,b007,2023-04-25,Active,5092
a000336,c00217,p1,b018,2024-12-24,Active,
a000337,c00218,p1,b002,2023-06-06,Active,
a000338,c00218,p4,b019,2024-09-06,Active,
a000339,c00219,p1,b017,2018-05-12,Active,
a000340,c00220,p3,b002,2024-02-04,Active,
a000341,c00221,p5,b012,2024-07-13,Active,22247
a000342,c00222,p1,b001,2024-05-26,Active,
a000343,c00223,p5,b012,2022-04-04,Active,3834
a000344,c00223,p1,b002,2020-07-15,Active,
a000345,c00224,p4,b001,2024-12-21,Active,
a000346,c00224,p2,b007,2019-05-15,Active,
a000347,c00225,p1,b018,2022-05-13,Active,
a000348,c00225,p3,b004,2022-07-02,Active,
a000349,c00226,p4,b017,2019-12-09,Active,
a000350,c00227,p1,b008,2023-04-11,Active,
a000351,c00228,p2,b009,2023-10-19,Active,
a000352,c00228,p3,b018,2022-04-30,Active,
a000353,c00229,p1,b018,2021-02-17,Active,
a000354,c00230,p2,b011,2019-12-28,Active,
a000355,c00230,p4,b003,2021-02-07,Active,
a000356,c00231,p4,b012,2021-11-05,Active,
a000357,c00232,p1,b003,2024-12-17,Active,
a000358,c00233,p5,b003,2022-03-13,Active,10259
a000359,c00233,p3,b016,2024-12-24,Active,
a000360,c00234,p3,b014,2024-12-28,Active,
a000361,c00235,p5,b015,2024-05-24,Active,11839
a000362,c00236,p3,b011,2024-03-12,Active,
a000363,c00237,p3,b009,2024-01-11,Active,
a000364,c00238,p1,b011,2024-09-02,Active,
a000365,c00239,p2,b003,2020-09-19,Active,
a000366,c00240,p2,b012,2024-10-25,Active,
a000367,c00241,p4,b017,2024-10-05,Active,
a000368,c00241,p3,b005,2023-05-23,Active,
a000369,c00241,p5,b012,2024-01-06,Active,6187
a000370,c00242,p4,b011,2024-09-26,Active,
a000371,c00243,p3,b017,2020-06-04,Active,
a000372,c00244,p3,b016,2020-11-24,Active,
a000373,c00245,p1,b019,2021-12-05,Active,
a000374,c00245,p1,b014,2023-03-27,Active,
a000375,c00246,p4,b010,2022-03-03,Active,
a000376,c00247,p3,b013,2024-08-21,Active,
a000377,c00248,p5,b001,2024-04-25,Active,20337
a000378,c00249,p4,b003,2024-05-16,Active,
a000379,c00249,p4,b003,2024-07-26,Active,
a000380,c00250,p4,b008,2022-02-22,Active,
a000381,c00251,p3,b003,2024-05-18,Active,
a000382,c00252,p2,b019,2022-01-18,Active,
a000383,c00253,p1,b006,2024-04-28,Active,
a000384,c00254,p3,b007,2022-08-09,Active,
a000385,c00255,p3,b005,2024-10-31,Active,
a000386,c00256,p1,b020,2024-07-07,Active,
a000387,c00257,p4,b008,2023-11-19,Active,
a000388,c00257,p1,b016,2024-06-23,Active,
a000389,c00258,p5,b006,2024-10-23,Active,11254
a000390,c00259,p2,b016,2023-04-15,Active,
a000391,c00259,p1,b004,2021-06-28,Active,
a000392,c00260,p4,b011,2024-09-21,Active,
a000393,c00261,p3,b005,2022-11-01,Active,
a000394,c00262,p3,b015,2021-10-11,Closed,
a000395,c00262,p1,b003,2023-07-08,Active,
a000396,c00263,p2,b006,2023-12-29,Active,
a000397,c00263,p4,b020,2020-04-14,Active,
a000398,c00264,p5,b010,2018-03-23,Active,11391
a000399,c00265,p2,b013,2024-05-20,Active,
a000400,c00266,p5,b006,2020-08-29,Active,24993
a000401,c00267,p4,b008,2022-05-21,Active,
a000402,c00267,p3,b020,2019-02-09,Active,
a000403,c00268,p3,b018,2020-06-01,Active,
a000404,c00268,p3,b004,2021-05-23,Active,
a000405,c00269,p4,b007,2024-12-15,Active,
a000406,c00270,p3,b019,2020-06-27,Active,
a000407,c00271,p1,b010,2024-10-03,Active,
a000408,c00271,p3,b012,2024-10-07,Active,
a000409,c00272,p2,b005,2023-09-02,Active,
a000410,c00273,p3,b015,2024-09-17,Active,
a000411,c00274,p2,b017,2024-10-31,Active,
a000412,c00274,p2,b004,2021-11-26,Active,
a000413,c00275,p2,b007,2023-12-29,Active,
a000414,c00276,p4,b020,2022-10-30,Active,
a000415,c00277,p5,b008,2024-10-17,Active,9789
a000416,c00278,p3,b016,2023-10-11,Active,
a000417,c00279,p3,b015,2018-05-26,Active,
a000418,c00279,p5,b011,2024-01-15,Active,7341
a000419,c00280,p2,b010,2020-01-01,Active,
a000420,c00281,p3,b006,2024-09-28,Active,
a000421,c00281,p3,b014,2024-05-26,Active,
a000422,c00282,p1,b014,2023-07-24,Active,
a000423,c00282,p5,b007,2024-12-26,Active,16748
a000424,c00282,p3,b016,2023-12-17,Active,
a000425,c00283,p2,b010,2018-04-25,Active,
a000426,c00283,p5,b015,2024-03-28,Active,12045
a000427,c00284,p4,b005,2024-05-05,Active,
a000428,c00285,p5,b012,2024-11-24,Active,5328
a000429,c00285,p4,b011,2021-12-10,Active,
a000430,c00286,p2,b011,2022-04-29,Active,
a000431,c00286,p4,b003,2021-04-16,Active,
a000432,c00287,p4,b013,2024-05-20,Active,
a000433,c00288,p1,b017,2024-07-09,Active,
a000434,c00288,p5,b014,2024-05-08,Active,14653
a000435,c00289,p5,b007,2024-10-10,Active,8663
a000436,c00290,p5,b016,2024-12-07,Active,19737
a000437,c00290,p4,b006,2024-03-15,Active,
a000438,c00291,p5,b001,2022-09-24,Closed,12256
a000439,c00292,p3,b009,2022-08-06,Active,
a000440,c00293,p4,b008,2024-04-09,Active,
a000441,c00294,p3,b020,2023-05-02,Active,
a000442,c00295,p4,b017,2023-12-16,Active,
a000443,c00295,p3,b018,2024-05-06,Active,
a000444,c00296,p3,b011,2024-01-01,Active,
a000445,c00297,p4,b007,2023-10-04,Active,
a000446,c00297,p4,b007,2024-08-05,Active,
a000447,c00298,p2,b007,2018-12-28,Active,
a000448,c00299,p4,b015,2021-08-14,Active,
a000449,c00300,p4,b012,2023-10-19,Active,
a000450,c00300,p5,b012,2019-08-23,Active,6759
a000451,c00301,p1,b018,2024-09-28,Active,
a000452,c00302,p5,b017,2024-06-26,Active,11925
a000453,c00303,p3,b007,2022-05-26,Active,
a000454,c00304,p2,b010,2024-06-09,Active,
a000455,c00305,p1,b001,2024-06-06,Active,
a000456,c00306,p5,b018,2023-09-25,Active,15516
a000457,c00306,p4,b016,2023-01-28,Active,
a000458,c00307,p5,b008,2023-04-22,Active,24162
a000459,c00308,p3,b015,2024-12-17,Active,
a000460,c00309,p2,b019,2024-12-10,Active,
a000461,c00310,p1,b006,2018-06-22,Active,
a000462,c00311,p4,b009,2023-02-19,Active,
a000463,c00311,p3,b002,2022-01-10,Active,
a000464,c00312,p2,b004,2022-07-23,Active,
a000465,c00312,p2,b012,2022-09-29,Active,
a000466,c00313,p1,b017,2019-02-14,Active,
a000467,c00314,p5,b017,2024-03-08,Active,22203
a000468,c00314,p5,b019,2024-02-15,Active,15755
a000469,c00315,p1,b007,2024-06-03,Active,
a000470,c00316,p3,b019,2023-09-30,Closed,
a000471,c00317,p3,b012,2021-05-10,Active,
a000472,c00317,p4,b006,2022-06-08,Active,
a000473,c00317,p5,b019,2023-06-29,Active,22453
a000474,c00318,p3,b014,2024-02-03,Active,
a000475,c00318,p3,b001,2024-07-22,Active,
a000476,c00319,p5,b008,2023-07-29,Active,23027
a000477,c00320,p4,b002,2024-12-24,Closed,
a000478,c00321,p1,b009,2024-07-30,Active,
a000479,c00321,p5,b018,2024-09-05,Active,9282
a000480,c00321,p1,b011,2024-05-12,Active,
a000481,c00322,p1,b001,2024-08-16,Active,
a000482,c00323,p1,b019,2022-10-15,Active,
a000483,c00324,p3,b010,2020-05-11,Active,
a000484,c00325,p3,b006,2024-09-08,Active,
a000485,c00326,p5,b008,2022-08-16,Active,13954
a000486,c00327,p3,b004,2024-08-21,Active,
a000487,c00327,p2,b014,2024-12-21,Closed,
a000488,c00328,p3,b015,2024-09-25,Closed,
a000489,c00329,p1,b001,2024-04-12,Active,
a000490,c00330,p4,b009,2017-09-22,Active,
a000491,c00330,p3,b016,2020-11-26,Active,
a000492,c00331,p5,b017,2022-05-01,Active,1443
a000493,c00332,p1,b010,2018-04-10,Active,
a000494,c00333,p3,b019,2023-05-24,Active,
a000495,c00334,p2,b002,2022-09-05,Active,
a000496,c00335,p5,b002,2024-06-12,Active,20844
a000497,c00336,p5,b009,2024-07-15,Active,7012
a000498,c00337,p5,b012,2022-09-09,Active,16652
a000499,c00337,p4,b002,2021-08-30,Active,
a000500,c00338,p1,b020,2024-10-15,Active,
a000501,c00339,p5,b020,2022-09-11,Active,22478
a000502,c00340,p4,b002,2024-07-20,Active,
a000503,c00341,p4,b013,2023-11-21,Active,
a000504,c00341,p4,b006,2022-10-19,Active,
a000505,c00342,p3,b015,2023-12-13,Active,
a000506,c00342,p5,b009,2023-01-22,Active,17237
a000507,c00343,p3,b004,2024-08-07,Closed,
a000508,c00343,p2,b005,2024-06-11,Active,
a000509,c00344,p5,b007,2021-04-23,Active,9483
a000510,c00344,p4,b020,2020-10-08,Active,
a000511,c00345,p5,b017,2024-02-03,Active,1425
a000512,c00346,p3,b015,2024-08-31,Active,
a000513,c00347,p5,b019,2022-01-17,Active,9922
a000514,c00348,p3,b005,2024-09-18,Active,
a000515,c00349,p1,b012,2024-12-07,Active,
a000516,c00349,p5,b009,2024-10-18,Active,23049
a000517,c00349,p2,b012,2024-07-18,Active,
a000518,c00350,p4,b009,2023-05-07,Active,
a000519,c00351,p1,b005,2024-01-12,Active,
a000520,c00351,p5,b005,2024-03-03,Active,24256
a000521,c00352,p5,b003,2023-09-26,Active,16983
a000522,c00353,p2,b006,2024-11-27,Active,
a000523,c00354,p3,b003,2019-09-21,Active,
a000524,c00354,p1,b017,2023-07-04,Active,
a000525,c00354,p2,b012,2023-11-02,Active,
a000526,c00355,p2,b010,2018-05-05,Active,
a000527,c00355,p2,b013,2024-01-18,Active,
a000528,c00355,p5,b005,2023-04-27,Active,16566
a000529,c00356,p4,b006,2023-10-26,Active,
a000530,c00357,p4,b008,2024-11-09,Active,
a000531,c00358,p3,b007,2024-11-23,Active,
a000532,c00358,p5,b007,2021-09-26,Active,3768
a000533,c00358,p5,b003,2022-01-24,Active,23651
a000534,c00359,p1,b013,2023-07-13,Active,
a000535,c00359,p4,b007,2024-08-28,Active,
a000536,c00360,p3,b020,2024-04-02,Active,
a000537,c00360,p5,b017,2021-08-27,Active,4503
a000538,c00361,p4,b009,2023-03-04,Active,
a000539,c00361,p2,b004,2021-06-07,Active,
a000540,c00362,p5,b011,2021-11-08,Active,15848
a000541,c00363,p5,b020,2024-10-11,Active,12761
a000542,c00363,p1,b019,2024-08-22,Active,
a000543,c00364,p4,b011,2021-09-09,Active,
a000544,c00365,p1,b003,2024-07-20,Active,
a000545,c00366,p3,b007,2024-07-15,Active,
a000546,c00367,p4,b014,2021-10-23,Active,
a000547,c00367,p3,b003,2022-08-16,Active,
a000548,c00368,p4,b012,2023-06-02,Active,
a000549,c00369,p3,b011,2022-10-30,Closed,
a000550,c00370,p2,b009,2024-06-10,Active,
a000551,c00371,p2,b020,2022-03-12,Active,
a000552,c00372,p2,b020,2024-06-16,Active,
a000553,c00373,p5,b001,2022-12-08,Active,18250
a000554,c00373,p1,b009,2023-09-14,Active,
a000555,c00374,p4,b014,2022-10-31,Active,
a000556,c00375,p5,b002,2022-03-08,Active,2877
a000557,c00375,p2,b004,2020-05-27,Active,
a000558,c00376,p4,b018,2023-09-23,Active,
a000559,c00377,p2,b016,2023-09-25,Active,
a000560,c00377,p5,b001,2024-10-25,Active,3259
a000561,c00378,p5,b019,2024-12-01,Closed,22236
a000562,c00378,p4,b014,2021-06-14,Active,
a000563,c00379,p5,b016,2019-04-10,Active,16157
a000564,c00379,p2,b006,2018-12-30,Closed,
a000565,c00380,p4,b004,2023-01-29,Closed,
a000566,c00380,p1,b007,2024-12-23,Active,
a000567,c00381,p5,b015,2020-02-28,Active,2822
a000568,c00381,p4,b002,2022-09-04,Active,
a000569,c00382,p1,b009,2022-07-23,Active,
a000570,c00383,p4,b012,2017-12-27,Active,
a000571,c00384,p4,b007,2017-10-29,Active,
a000572,c00385,p2,b009,2022-08-28,Active,
a000573,c00386,p1,b015,2023-07-24,Active,
a000574,c00387,p4,b017,2018-11-14,Active,
a000575,c00387,p3,b018,2019-06-29,Active,
a000576,c00387,p4,b013,2020-12-26,Active,
a000577,c00388,p2,b003,2022-09-25,Active,
a000578,c00389,p1,b006,2022-09-25,Active,
a000579,c00389,p2,b015,2023-10-09,Active,
a000580,c00389,p5,b016,2022-11-02,Active,22951
a000581,c00390,p3,b004,2023-07-31,Active,
a000582,c00390,p5,b009,2020-06-03,Active,18624
a000583,c00391,p3,b020,2024-11-09,Active,
a000584,c00392,p3,b009,2023-11-16,Active,
a000585,c00393,p3,b015,2024-09-08,Active,
a000586,c00393,p2,b013,2020-11-29,Active,
a000587,c00394,p1,b018,2024-08-09,Active,
a000588,c00395,p4,b014,2024-04-10,Active,
a000589,c00396,p1,b001,2021-11-23,Active,
a000590,c00397,p1,b019,2022-05-11,Active,
a000591,c00397,p5,b015,2022-08-13,Active,24739
a000592,c00397,p3,b004,2023-04-21,Active,
a000593,c00398,p2,b005,2022-10-30,Active,
a000594,c00399,p3,b012,2024-12-25,Active,
a000595,c00400,p1,b020,2022-02-06,Active,
a000596,c00401,p5,b008,2019-09-15,Active,22735
a000597,c00402,p1,b001,2023-03-19,Active,
a000598,c00402,p5,b007,2018-10-26,Active,10419
a000599,c00402,p3,b011,2022-04-01,Active,
a000600,c00403,p3,b010,2024-12-22,Active,
a000601,c00404,p4,b004,2022-12-10,Active,
a000602,c00405,p1,b009,2024-03-28,Active,
a000603,c00406,p2,b013,2024-10-07,Active,
a000604,c00407,p2,b012,2024-08-12,Active,
a000605,c00408,p4,b016,2022-11-15,Active,
a000606,c00408,p2,b004,2023-07-09,Active,
a000607,c00408,p4,b013,2023-12-28,Closed,
a000608,c00409,p1,b016,2021-07-11,Closed,
a000609,c00410,p5,b015,2024-03-29,Closed,9960
a000610,c00410,p2,b007,2022-08-19,Active,
a000611,c00410,p3,b018,2022-09-27,Active,
a000612,c00411,p1,b009,2024-08-15,Active,
a000613,c00412,p2,b002,2020-01-31,Closed,
a000614,c00413,p2,b002,2023-07-12,Active,
a000615,c00414,p5,b010,2024-12-23,Active,5259
a000616,c00414,p1,b011,2024-10-31,Active,
a000617,c00415,p3,b004,2023-05-23,Active,
a000618,c00415,p3,b018,2024-05-18,Active,
a000619,c00415,p3,b020,2023-05-11,Active,
a000620,c00416,p4,b020,2024-11-16,Active,
a000621,c00416,p5,b020,2024-12-02,Active,19008
a000622,c00417,p4,b007,2020-12-16,Closed,
a000623,c00418,p1,b001,2020-07-23,Active,
a000624,c00418,p5,b008,2024-02-18,Active,18066
a000625,c00419,p5,b008,2024-04-02,Active,1192
a000626,c00420,p4,b013,2024-09-23,Active,
a000627,c00421,p5,b008,2022-04-29,Active,14463
a000628,c00422,p2,b011,2022-06-01,Active,
a000629,c00423,p1,b006,2022-11-17,Active,
a000630,c00424,p4,b004,2024-03-19,Active,
a000631,c00425,p4,b014,2020-04-21,Active,
a000632,c00426,p5,b014,2019-09-17,Active,7167
a000633,c00427,p1,b016,2024-06-27,Active,
a000634,c00427,p2,b015,2021-12-07,Active,
a000635,c00427,p5,b002,2023-10-24,Active,4666
a000636,c00428,p3,b002,2023-09-06,Active,
a000637,c00428,p5,b013,2020-01-02,Active,3990
a000638,c00429,p1,b010,2024-10-08,Active,
a000639,c00430,p4,b015,2022-10-30,Active,
a000640,c00430,p4,b015,2023-05-01,Active,
a000641,c00431,p2,b008,2024-05-01,Active,
a000642,c00432,p1,b015,2022-07-02,Active,
a000643,c00432,p1,b009,2019-10-15,Active,
a000644,c00433,p5,b015,2024-09-18,Active,4233
a000645,c00434,p4,b013,2024-06-08,Active,
a000646,c00435,p3,b006,2024-03-18,Active,
a000647,c00435,p3,b001,2024-02-11,Active,
a000648,c00436,p2,b012,2023-04-12,Active,
a000649,c00437,p4,b015,2022-12-19,Active,
a000650,c00437,p2,b005,2023-10-14,Active,
a000651,c00438,p3,b012,2024-07-26,Active,
a000652,c00439,p1,b010,2021-02-07,Active,
a000653,c00440,p5,b008,2023-03-05,Active,10691
a000654,c00440,p1,b011,2021-04-03,Active,
a000655,c00441,p1,b008,2017-08-17,Active,
a000656,c00442,p1,b003,2024-11-22,Active,
a000657,c00443,p1,b020,2023-12-23,Active,
a000658,c00444,p1,b015,2023-11-05,Active,
a000659,c00445,p5,b006,2020-09-09,Active,6202
a000660,c00446,p5,b003,2023-06-10,Active,5389
a000661,c00446,p2,b015,2020-01-12,Active,
a000662,c00447,p3,b019,2024-06-13,Active,
a000663,c00448,p1,b015,2023-09-08,Active,
a000664,c00449,p2,b003,2024-02-03,Active,
a000665,c00450,p5,b004,2021-05-24,Closed,7606
a000666,c00451,p2,b013,2022-05-11,Active,
a000667,c00451,p3,b015,2023-11-28,Active,
a000668,c00452,p1,b019,2024-09-08,Active,
a000669,c00452,p2,b018,2024-07-26,Active,
a000670,c00453,p4,b019,2022-07-15,Active,
a000671,c00454,p1,b018,2023-11-09,Active,
a000672,c00455,p4,b016,2022-03-23,Active,
a000673,c00455,p4,b010,2024-10-31,Active,
a000674,c00456,p5,b002,2021-07-29,Active,3015
a000675,c00457,p2,b019,2023-05-10,Active,
a000676,c00458,p3,b001,2024-12-16,Active,
a000677,c00458,p1,b011,2024-10-31,Active,
a000678,c00459,p1,b020,2021-09-26,Active,
a000679,c00459,p1,b019,2018-08-31,Active,
a000680,c00459,p2,b018,2023-02-10,Active,
a000681,c00460,p1,b007,2024-03-04,Active,
a000682,c00461,p5,b014,2023-07-01,Active,22433
a000683,c00462,p3,b019,2022-01-07,Active,
a000684,c00462,p2,b007,2022-11-17,Active,
a000685,c00463,p2,b017,2024-07-08,Active,
a000686,c00463,p1,b012,2021-01-12,Active,
a000687,c00464,p1,b007,2024-12-25,Active,
a000688,c00464,p5,b012,2024-10-22,Active,6171
a000689,c00465,p1,b004,2023-05-20,Active,
a000690,c00466,p5,b019,2021-07-22,Active,17381
a000691,c00467,p1,b011,2023-06-21,Active,
a000692,c00467,p2,b019,2024-09-03,Active,
a000693,c00468,p2,b017,2024-10-23,Active,
a000694,c00468,p5,b012,2024-05-13,Active,5176
a000695,c00468,p4,b007,2023-03-13,Closed,
a000696,c00469,p4,b002,2024-02-04,Active,
a000697,c00470,p2,b011,2023-03-14,Active,
a000698,c00471,p4,b010,2024-08-23,Active,
a000699,c00472,p3,b011,2022-02-01,Active,
a000700,c00473,p4,b012,2022-06-16,Active,
a000701,c00474,p3,b020,2023-06-03,Active,
a000702,c00475,p1,b016,2024-02-21,Active,
a000703,c00476,p2,b018,2024-08-19,Active,
a000704,c00476,p5,b007,2023-04-27,Active,8993
a000705,c00477,p3,b009,2022-09-07,Active,
a000706,c00478,p2,b018,2023-08-15,Active,
a000707,c00479,p5,b017,2023-12-12,Active,13034
a000708,c00479,p3,b011,2023-12-12,Active,
a000709,c00480,p5,b003,2024-03-24,Active,11530
a000710,c00480,p3,b007,2021-02-05,Active,
a000711,c00481,p1,b009,2024-09-16,Active,
a000712,c00482,p2,b009,2024-09-07,Active,
a000713,c00482,p5,b003,2024-03-23,Active,11189
a000714,c00483,p1,b006,2022-03-12,Active,
a000715,c00484,p1,b009,2024-04-28,Active,
a000716,c00484,p5,b002,2024-10-07,Active,5822
a000717,c00484,p4,b009,2024-01-07,Active,
a000718,c00485,p4,b019,2022-09-26,Active,
a000719,c00485,p1,b006,2023-11-20,Active,
a000720,c00485,p5,b006,2024-12-11,Active,17282
a000721,c00486,p3,b005,2024-11-17,Active,
a000722,c00487,p2,b002,2023-08-14,Active,
a000723,c00488,p4,b002,2023-07-16,Active,
a000724,c00488,p5,b019,2019-10-24,Active,24363
a000725,c00488,p4,b013,2020-02-01,Active,
a000726,c00489,p4,b006,2022-11-22,Active,
a000727,c00490,p4,b018,2021-09-03,Active,
a000728,c00491,p4,b012,2024-05-06,Active,
a000729,c00491,p3,b015,2024-06-30,Active,
a000730,c00492,p4,b007,2024-05-13,Active,
a000731,c00492,p5,b014,2022-11-14,Active,6306
a000732,c00492,p1,b011,2022-08-04,Active,
a000733,c00493,p1,b004,2022-10-14,Active,
a000734,c00493,p5,b002,2023-07-10,Active,13356
a000735,c00494,p1,b016,2019-05-23,Active,
a000736,c00495,p2,b001,2020-10-26,Active,
a000737,c00495,p2,b001,2020-02-06,Active,
a000738,c00495,p3,b020,2024-09-06,Active,
a000739,c00496,p1,b011,2023-12-20,Active,
a000740,c00496,p3,b013,2020-10-31,Active,
a000741,c00497,p1,b003,2024-10-20,Active,
a000742,c00498,p5,b019,2024-03-22,Active,6519
a000743,c00499,p3,b015,2024-12-15,Active,
a000744,c00500,p1,b020,2023-03-16,Active,
a000745,c00501,p2,b008,2024-11-25,Active,
a000746,c00501,p1,b010,2024-08-10,Active,
a000747,c00502,p5,b014,2022-10-29,Active,9646
a000748,c00502,p3,b013,2020-09-30,Active,
a000749,c00503,p5,b003,2023-06-18,Active,2101
a000750,c00503,p2,b001,2023-03-05,Active,
a000751,c00504,p2,b009,2024-10-02,Active,
a000752,c00504,p5,b012,2023-09-28,Active,20431
a000753,c00504,p3,b008,2024-10-31,Active,
a000754,c00505,p4,b005,2024-12-16,Active,
a000755,c00505,p3,b003,2024-11-24,Active,
a000756,c00506,p4,b002,2020-08-05,Active,
a000757,c00507,p1,b017,2022-08-16,Active,
a000758,c00508,p5,b020,2021-09-07,Active,23431
a000759,c00509,p5,b008,2024-09-14,Active,8193
a000760,c00510,p5,b014,2022-03-25,Active,12896
a000761,c00511,p2,b007,2023-04-20,Active,
a000762,c00511,p4,b002,2022-05-04,Closed,
a000763,c00511,p5,b005,2020-01-16,Active,16920
a000764,c00512,p1,b008,2024-06-01,Active,
a000765,c00513,p2,b008,2024-09-13,Active,
a000766,c00514,p1,b020,2024-05-18,Active,
a000767,c00515,p1,b009,2023-10-07,Active,
a000768,c00515,p3,b018,2023-02-01,Active,
a000769,c00516,p5,b018,2023-02-20,Closed,12578
a000770,c00516,p1,b009,2018-02-11,Active,
a000771,c00517,p5,b017,2023-10-31,Active,2969
a000772,c00518,p5,b019,2020-07-16,Active,19115
a000773,c00518,p3,b008,2023-06-27,Active,
a000774,c00518,p5,b008,2024-12-11,Active,23034
a000775,c00519,p5,b012,2024-06-12,Active,24104
a000776,c00520,p2,b018,2022-06-27,Active,
a000777,c00520,p3,b004,2024-08-02,Active,
a000778,c00521,p5,b006,2023-11-14,Active,13688
a000779,c00521,p2,b020,2021-06-11,Active,
a000780,c00521,p4,b009,2020-04-08,Active,
a000781,c00522,p3,b009,2023-11-13,Active,
a000782,c00523,p3,b001,2021-11-14,Active,
a000783,c00523,p5,b004,2018-09-01,Active,6917
a000784,c00524,p3,b010,2023-10-22,Active,
a000785,c00524,p5,b010,2023-10-24,Active,17596
a000786,c00524,p5,b020,2024-05-20,Active,15071
a000787,c00525,p5,b019,2024-08-04,Active,14524
a000788,c00526,p3,b013,2023-08-27,Active,
a000789,c00527,p3,b012,2024-12-11,Active,
a000790,c00528,p1,b015,2024-10-18,Active,
a000791,c00529,p2,b001,2023-08-19,Active,
a000792,c00530,p3,b013,2024-06-27,Active,
a000793,c00530,p1,b003,2024-07-20,Closed,
a000794,c00531,p1,b007,2022-11-15,Active,
a000795,c00532,p4,b012,2024-11-30,Active,
a000796,c00533,p5,b011,2024-07-09,Active,12354
a000797,c00534,p4,b009,2020-04-12,Active,
a000798,c00535,p5,b002,2024-10-30,Active,8842
a000799,c00536,p1,b017,2024-07-22,Active,
a000800,c00537,p1,b020,2024-10-15,Active,
a000801,c00537,p5,b015,2024-11-19,Active,21204
a000802,c00538,p4,b005,2024-01-03,Active,
a000803,c00539,p4,b019,2024-04-07,Active,
a000804,c00540,p2,b019,2021-11-29,Active,
a000805,c00541,p1,b003,2024-01-03,Active,
a000806,c00541,p5,b004,2021-04-11,Active,13056
a000807,c00542,p5,b007,2021-08-19,Active,10728
a000808,c00542,p1,b005,2024-12-22,Active,
a000809,c00543,p1,b012,2024-11-29,Active,
a000810,c00544,p1,b015,2022-02-04,Active,
a000811,c00545,p5,b018,2024-12-05,Active,24247
a000812,c00546,p5,b020,2024-05-31,Active,20011
a000813,c00546,p5,b006,2023-01-22,Active,1409
a000814,c00547,p5,b012,2022-04-18,Active,13124
a000815,c00548,p3,b004,2018-08-13,Active,
a000816,c00549,p2,b012,2024-05-14,Active,
a000817,c00549,p2,b004,2023-02-02,Active,
a000818,c00549,p4,b008,2024-09-17,Active,
a000819,c00550,p3,b003,2021-03-01,Active,
a000820,c00551,p1,b012,2023-06-28,Active,
a000821,c00552,p3,b010,2023-11-11,Active,
a000822,c00552,p3,b010,2022-10-04,Active,
a000823,c00553,p2,b001,2020-09-23,Active,
a000824,c00554,p4,b012,2023-08-04,Active,
a000825,c00554,p3,b019,2024-08-13,Active,
a000826,c00555,p4,b013,2022-10-11,Active,
a000827,c00556,p4,b012,2024-05-25,Active,
a000828,c00557,p4,b003,2019-12-10,Active,
a000829,c00558,p5,b002,2022-12-04,Active,15433
a000830,c00558,p5,b002,2022-04-08,Active,16940
a000831,c00559,p4,b013,2024-08-24,Active,
a000832,c00559,p1,b019,2024-01-19,Active,
a000833,c00560,p2,b018,2023-07-02,Active,
a000834,c00561,p1,b016,2024-07-05,Active,
a000835,c00562,p2,b003,2024-06-05,Active,
a000836,c00562,p4,b012,2023-11-04,Active,
a000837,c00562,p3,b013,2024-05-12,Active,
a000838,c00563,p2,b002,2024-11-26,Active,
a000839,c00563,p5,b013,2023-12-23,Active,19605
a000840,c00564,p1,b003,2020-03-12,Active,
a000841,c00565,p5,b019,2022-11-16,Active,19800
a000842,c00566,p2,b005,2023-11-07,Active,
a000843,c00567,p5,b002,2022-07-13,Active,15297
a000844,c00568,p3,b019,2024-06-24,Active,
a000845,c00569,p1,b011,2021-12-12,Active,
a000846,c00570,p4,b015,2023-04-26,Active,
a000847,c00571,p5,b002,2021-07-15,Active,21997
a000848,c00572,p2,b001,2023-02-05,Active,
a000849,c00573,p1,b003,2023-08-19,Active,
a000850,c00574,p2,b005,2024-07-17,Active,
a000851,c00574,p3,b015,2024-10-05,Active,
a000852,c00575,p5,b005,2019-07-13,Active,9069
a000853,c00575,p1,b010,2022-07-27,Active,
a000854,c00576,p1,b017,2023-06-08,Active,
a000855,c00577,p5,b012,2021-11-01,Active,17586
a000856,c00578,p5,b002,2024-02-03,Active,8452
a000857,c00578,p1,b013,2024-01-15,Active,
a000858,c00579,p1,b011,2021-03-15,Active,
a000859,c00579,p4,b004,2018-07-17,Active,
a000860,c00579,p5,b001,2018-06-11,Active,24774
a000861,c00580,p4,b005,2024-12-11,Active,
a000862,c00581,p5,b002,2018-07-15,Closed,14773
a000863,c00582,p1,b014,2022-06-05,Active,
a000864,c00582,p4,b006,2020-09-21,Active,
a000865,c00583,p3,b009,2024-03-10,Active,
a000866,c00583,p5,b008,2023-05-10,Active,8041
a000867,c00583,p5,b004,2023-06-07,Active,18606
a000868,c00584,p1,b007,2024-09-06,Active,
a000869,c00584,p4,b001,2023-01-30,Active,
a000870,c00585,p3,b016,2019-03-20,Active,
a000871,c00586,p1,b019,2023-06-21,Active,
a000872,c00587,p5,b012,2024-12-29,Active,12677
a000873,c00588,p3,b009,2024-10-25,Active,
a000874,c00589,p5,b002,2022-11-30,Active,15461
a000875,c00590,p5,b010,2019-01-27,Active,19309
a000876,c00591,p1,b014,2024-04-28,Active,
a000877,c00592,p5,b006,2023-04-03,Active,16186
a000878,c00593,p5,b015,2018-01-17,Active,14117
a000879,c00594,p1,b020,2021-04-16,Active,
a000880,c00594,p5,b006,2022-06-16,Active,24429
a000881,c00595,p2,b015,2023-09-10,Active,
a000882,c00596,p4,b003,2024-10-16,Active,
a000883,c00596,p4,b008,2022-12-02,Active,
a000884,c00597,p2,b018,2023-12-29,Active,
a000885,c00597,p2,b017,2024-10-05,Closed,
a000886,c00598,p4,b017,2023-09-19,Active,
a000887,c00599,p4,b019,2023-11-09,Active,
a000888,c00599,p2,b013,2024-08-21,Active,
a000889,c00600,p3,b020,2023-03-20,Active,
a000890,c00600,p4,b004,2020-04-11,Active,
a000891,c00601,p4,b008,2023-09-10,Active,
a000892,c00602,p1,b005,2024-02-20,Active,
a000893,c00602,p3,b004,2024-08-06,Active,
a000894,c00603,p1,b004,2024-05-11,Active,
a000895,c00604,p2,b002,2020-06-13,Active,
a000896,c00605,p4,b019,2024-08-17,Active,
a000897,c00606,p1,b019,2024-10-24,Active,
a000898,c00606,p4,b020,2024-02-12,Active,
a000899,c00606,p2,b016,2024-04-24,Active,
a000900,c00607,p5,b016,2023-04-16,Active,13922
a000901,c00608,p4,b020,2020-04-17,Active,
a000902,c00608,p2,b006,2024-05-24,Active,
a000903,c00609,p5,b012,2023-01-15,Active,18184
a000904,c00609,p5,b014,2024-05-26,Active,16428
a000905,c00610,p1,b018,2022-03-13,Active,
a000906,c00610,p1,b014,2020-05-10,Active,
a000907,c00610,p4,b011,2019-09-20,Active,
a000908,c00611,p4,b015,2024-07-09,Active,
a000909,c00611,p2,b011,2023-05-16,Active,
a000910,c00612,p4,b004,2020-04-21,Active,
a000911,c00613,p1,b010,2022-10-20,Active,
a000912,c00614,p2,b003,2024-08-07,Active,
a000913,c00615,p2,b006,2022-01-16,Active,
a000914,c00615,p3,b001,2023-01-27,Active,
a000915,c00616,p2,b014,2023-06-05,Active,
a000916,c00616,p3,b015,2024-08-01,Active,
a000917,c00617,p2,b019,2024-11-23,Active,
a000918,c00617,p1,b004,2024-09-26,Active,
a000919,c00618,p4,b005,2022-03-25,Active,
a000920,c00619,p5,b010,2023-07-24,Active,14585
a000921,c00620,p2,b004,2024-06-05,Active,
a000922,c00621,p1,b015,2019-11-12,Active,
a000923,c00622,p4,b010,2024-03-12,Active,
a000924,c00623,p4,b010,2024-11-30,Active,
a000925,c00624,p4,b016,2022-06-05,Active,
a000926,c00624,p5,b002,2023-09-14,Active,13508
a000927,c00625,p4,b017,2019-07-16,Active,
a000928,c00625,p4,b003,2024-11-19,Active,
a000929,c00625,p3,b004,2023-10-05,Active,
a000930,c00626,p5,b017,2024-11-18,Active,16285
a000931,c00627,p3,b003,2020-02-19,Active,
a000932,c00628,p4,b011,2024-03-20,Active,
a000933,c00628,p5,b016,2024-06-06,Active,3631
a000934,c00629,p5,b017,2019-04-11,Active,13021
a000935,c00630,p5,b015,2021-09-16,Active,4295
a000936,c00630,p4,b017,2021-09-05,Active,
a000937,c00631,p1,b004,2024-08-11,Active,
a000938,c00632,p5,b013,2024-07-25,Active,7951
a000939,c00633,p3,b009,2024-12-30,Active,
a000940,c00633,p3,b003,2024-10-11,Active,
a000941,c00634,p3,b014,2021-09-27,Active,
a000942,c00635,p4,b001,2020-09-23,Active,
a000943,c00636,p2,b008,2023-01-05,Active,
a000944,c00637,p2,b004,2024-09-18,Active,
a000945,c00638,p1,b018,2024-02-22,Active,
a000946,c00639,p4,b002,2024-05-13,Active,
a000947,c00639,p1,b004,2024-05-10,Active,
a000948,c00640,p1,b020,2024-12-29,Active,
a000949,c00640,p1,b020,2024-01-02,Active,
a000950,c00641,p2,b004,2021-04-06,Active,
a000951,c00642,p2,b011,2018-09-14,Active,
a000952,c00643,p5,b011,2023-11-25,Active,2638
a000953,c00643,p5,b007,2020-08-07,Active,15295
a000954,c00644,p4,b006,2024-12-13,Active,
a000955,c00645,p5,b004,2020-03-26,Active,22003
a000956,c00645,p3,b009,2019-10-16,Active,
a000957,c00646,p3,b012,2022-12-28,Active,
a000958,c00647,p1,b020,2023-06-21,Active,
a000959,c00647,p4,b005,2021-08-30,Active,
a000960,c00648,p3,b004,2022-05-29,Active,
a000961,c00649,p4,b020,2020-08-12,Active,
a000962,c00649,p5,b014,2018-02-19,Active,9579
a000963,c00649,p3,b016,2020-09-06,Active,
a000964,c00650,p4,b010,2021-02-11,Active,
a000965,c00651,p3,b015,2024-12-29,Active,
a000966,c00651,p1,b009,2024-10-26,Closed,
a000967,c00652,p5,b007,2024-07-16,Active,5946
a000968,c00653,p3,b012,2021-11-19,Active,
a000969,c00653,p3,b006,2022-02-18,Active,
a000970,c00654,p2,b007,2024-10-15,Active,
a000971,c00655,p2,b018,2020-10-20,Active,
a000972,c00656,p1,b003,2023-04-27,Active,
a000973,c00656,p1,b006,2024-10-25,Active,
a000974,c00657,p5,b010,2021-10-01,Active,2691
a000975,c00658,p3,b020,2022-01-16,Active,
a000976,c00658,p4,b014,2018-11-17,Active,
a000977,c00658,p2,b013,2017-11-29,Closed,
a000978,c00659,p5,b015,2022-11-05,Active,17589
a000979,c00660,p3,b019,2023-09-05,Active,
a000980,c00661,p3,b011,2023-09-26,Active,
a000981,c00662,p1,b001,2024-01-21,Active,
a000982,c00662,p2,b014,2024-04-28,Active,
a000983,c00663,p5,b017,2020-07-01,Active,1280
a000984,c00664,p4,b016,2018-05-21,Active,
a000985,c00664,p1,b012,2023-10-31,Active,
a000986,c00665,p5,b016,2024-04-14,Active,4154
a000987,c00665,p3,b020,2021-06-03,Active,
a000988,c00665,p4,b005,2024-06-26,Active,
a000989,c00666,p2,b001,2022-08-07,Active,
a000990,c00667,p2,b010,2024-05-12,Active,
a000991,c00667,p4,b011,2023-12-25,Active,
a000992,c00668,p2,b010,2023-11-12,Closed,
a000993,c00669,p3,b018,2023-07-09,Active,
a000994,c00669,p4,b019,2024-09-11,Active,
a000995,c00670,p4,b002,2024-07-03,Active,
a000996,c00671,p5,b003,2024-06-24,Active,15177
a000997,c00671,p2,b018,2024-09-29,Active,
a000998,c00671,p5,b019,2024-05-09,Active,21084
a000999,c00672,p4,b018,2024-09-24,Active,
a001000,c00672,p2,b002,2024-06-28,Active,
a001001,c00673,p1,b004,2021-04-06,Active,
a001002,c00673,p3,b020,2020-10-17,Active,
a001003,c00674,p1,b016,2024-12-30,Active,
a001004,c00675,p1,b013,2020-03-08,Active,
a001005,c00675,p4,b009,2019-11-30,Active,
a001006,c00676,p2,b002,2024-05-24,Active,
a001007,c00676,p1,b002,2024-01-02,Active,
a001008,c00677,p5,b002,2023-09-12,Active,8624
a001009,c00677,p5,b019,2024-09-09,Active,22711
a001010,c00678,p1,b019,2023-04-19,Active,
a001011,c00679,p1,b008,2023-07-19,Active,
a001012,c00679,p3,b004,2023-08-03,Active,
a001013,c00680,p1,b015,2021-09-09,Active,
a001014,c00680,p1,b004,2020-01-20,Active,
a001015,c00681,p2,b017,2023-07-14,Active,
a001016,c00682,p3,b010,2024-11-13,Active,
a001017,c00683,p2,b006,2024-03-30,Active,
a001018,c00684,p4,b012,2023-03-05,Active,
a001019,c00684,p1,b015,2023-03-19,Active,
a001020,c00685,p2,b005,2022-07-12,Active,
a001021,c00686,p1,b010,2024-04-19,Active,
a001022,c00686,p5,b015,2023-12-21,Active,2933
a001023,c00687,p2,b001,2024-03-15,Active,
a001024,c00687,p3,b009,2024-11-10,Active,
a001025,c00688,p5,b014,2020-02-09,Active,23019
a001026,c00689,p4,b020,2024-09-10,Active,
a001027,c00690,p1,b010,2024-03-20,Active,
a001028,c00691,p2,b005,2024-03-10,Active,
a001029,c00692,p4,b018,2021-06-06,Active,
a001030,c00693,p3,b008,2024-03-28,Active,
a001031,c00694,p5,b007,2022-07-20,Active,7347
a001032,c00694,p3,b002,2024-09-18,Active,
a001033,c00695,p3,b009,2022-09-04,Active,
a001034,c00695,p3,b015,2024-01-21,Active,
a001035,c00696,p2,b015,2023-06-12,Active,
a001036,c00697,p2,b019,2024-07-16,Active,
a001037,c00698,p2,b004,2023-03-24,Active,
a001038,c00698,p5,b010,2024-09-29,Closed,24108
a001039,c00699,p2,b004,2024-05-03,Active,
a001040,c00700,p3,b008,2020-07-10,Active,
a001041,c00701,p4,b014,2024-01-02,Active,
a001042,c00702,p1,b013,2023-12-10,Active,
a001043,c00702,p5,b004,2023-09-14,Active,4300
a001044,c00702,p2,b010,2024-11-25,Active,
a001045,c00703,p1,b006,2023-11-18,Active,
a001046,c00704,p5,b002,2021-08-28,Active,2109
a001047,c00705,p4,b011,2022-11-14,Active,
a001048,c00706,p1,b020,2021-02-22,Active,
a001049,c00706,p4,b017,2021-10-20,Active,
a001050,c00707,p4,b006,2024-04-14,Active,
a001051,c00707,p1,b018,2024-06-07,Active,
a001052,c00708,p2,b017,2024-01-03,Active,
a001053,c00709,p4,b018,2022-02-10,Active,
a001054,c00709,p3,b015,2022-08-29,Active,
a001055,c00710,p4,b013,2018-11-26,Active,
a001056,c00710,p3,b008,2018-05-11,Active,
a001057,c00710,p4,b017,2018-03-27,Active,
a001058,c00711,p2,b014,2022-04-18,Active,
a001059,c00711,p2,b002,2022-02-15,Active,
a001060,c00712,p1,b002,2017-03-05,Active,
a001061,c00713,p3,b020,2024-09-14,Active,
a001062,c00714,p4,b001,2024-08-29,Active,
a001063,c00715,p1,b008,2019-06-08,Active,
a001064,c00716,p4,b013,2022-12-08,Active,
a001065,c00717,p1,b001,2024-01-22,Active,
a001066,c00717,p1,b006,2024-05-26,Active,
a001067,c00717,p3,b009,2024-11-10,Active,
a001068,c00718,p4,b016,2023-11-24,Active,
a001069,c00719,p5,b009,2020-07-04,Active,16418
a001070,c00719,p5,b013,2021-01-28,Active,8904
a001071,c00720,p5,b005,2023-08-25,Active,24171
a001072,c00721,p5,b003,2021-07-26,Active,23769
a001073,c00722,p5,b009,2022-03-14,Active,20133
a001074,c00723,p3,b002,2020-04-21,Active,
a001075,c00724,p4,b002,2020-11-10,Active,
a001076,c00725,p4,b017,2024-12-10,Active,
a001077,c00725,p4,b019,2024-12-28,Active,
a001078,c00725,p4,b005,2024-12-08,Active,
a001079,c00726,p4,b017,2024-04-24,Active,
a001080,c00726,p5,b005,2018-11-17,Active,8079
a001081,c00726,p1,b018,2021-02-27,Active,
a001082,c00727,p3,b002,2024-06-08,Active,
a001083,c00728,p2,b013,2021-06-19,Active,
a001084,c00728,p5,b019,2021-04-07,Active,23891
a001085,c00729,p2,b004,2023-07-09,Active,
a001086,c00729,p2,b016,2022-07-23,Active,
a001087,c00730,p3,b018,2022-09-10,Active,
a001088,c00731,p3,b004,2021-12-11,Closed,
a001089,c00732,p5,b004,2022-04-15,Active,18272
a001090,c00732,p2,b002,2021-05-08,Closed,
a001091,c00732,p1,b007,2020-01-14,Active,
a001092,c00733,p3,b005,2023-03-23,Active,
a001093,c00734,p5,b017,2024-08-23,Active,13781
a001094,c00735,p2,b012,2023-08-19,Active,
a001095,c00736,p1,b020,2024-09-25,Active,
a001096,c00737,p1,b006,2024-04-25,Active,
a001097,c00738,p5,b010,2022-05-10,Active,14877
a001098,c00739,p4,b004,2022-09-24,Active,
a001099,c00740,p1,b010,2019-07-28,Active,
a001100,c00741,p4,b008,2024-09-07,Active,
a001101,c00741,p2,b001,2024-02-27,Active,
a001102,c00741,p1,b017,2024-09-14,Active,
a001103,c00742,p2,b001,2024-10-19,Active,
a001104,c00743,p2,b006,2020-04-16,Active,
a001105,c00744,p3,b006,2024-08-04,Active,
a001106,c00744,p5,b003,2021-12-18,Active,18410
a001107,c00744,p3,b009,2023-12-09,Active,
a001108,c00745,p5,b009,2024-05-31,Active,3963
a001109,c00745,p5,b020,2023-02-28,Closed,7432
a001110,c00746,p5,b011,2021-04-13,Active,24760
a001111,c00747,p3,b004,2024-01-01,Active,
a001112,c00748,p3,b018,2023-08-15,Active,
a001113,c00749,p5,b008,2019-06-11,Active,5346
a001114,c00750,p3,b016,2022-11-16,Active,
a001115,c00751,p1,b012,2022-11-23,Active,
a001116,c00752,p5,b006,2019-01-09,Active,8927
a001117,c00753,p1,b010,2022-03-22,Active,
a001118,c00754,p4,b019,2024-09-09,Active,
a001119,c00754,p2,b020,2024-03-29,Active,
a001120,c00755,p3,b010,2024-10-08,Active,
a001121,c00755,p4,b006,2024-09-24,Active,
a001122,c00756,p2,b015,2024-05-17,Active,
a001123,c00757,p1,b012,2021-01-16,Active,
a001124,c00757,p5,b017,2024-01-20,Closed,21821
a001125,c00758,p2,b002,2023-04-13,Active,
a001126,c00758,p2,b009,2024-09-14,Active,
a001127,c00759,p4,b004,2024-07-28,Closed,
a001128,c00759,p5,b015,2024-05-11,Active,18714
a001129,c00760,p5,b005,2021-08-16,Active,3770
a001130,c00761,p5,b008,2024-08-25,Active,11045
a001131,c00762,p5,b002,2022-12-31,Active,24491
a001132,c00762,p1,b019,2022-01-14,Active,
a001133,c00763,p5,b007,2024-09-07,Active,17571
a001134,c00764,p2,b008,2020-01-14,Active,
a001135,c00765,p4,b014,2024-03-06,Closed,
a001136,c00765,p5,b016,2023-09-10,Active,7225
a001137,c00765,p5,b017,2023-04-01,Active,21036
a001138,c00766,p5,b015,2022-04-15,Active,9177
a001139,c00767,p2,b020,2023-03-29,Active,
a001140,c00767,p5,b010,2022-03-09,Active,5948
a001141,c00767,p2,b009,2021-04-15,Active,
a001142,c00768,p5,b012,2020-02-22,Active,1396
a001143,c00769,p1,b014,2019-02-21,Active,
a001144,c00769,p2,b010,2023-10-03,Active,
a001145,c00769,p3,b017,2019-02-01,Active,
a001146,c00770,p1,b012,2023-01-07,Active,
a001147,c00771,p2,b014,2022-06-05,Closed,
a001148,c00772,p4,b003,2022-10-30,Active,
a001149,c00772,p1,b007,2023-09-06,Active,
a001150,c00773,p5,b020,2020-11-08,Active,7858
a001151,c00773,p5,b006,2023-10-21,Active,10061
a001152,c00774,p2,b005,2024-11-07,Active,
a001153,c00775,p5,b016,2023-07-19,Active,22455
a001154,c00775,p1,b011,2021-11-10,Active,
a001155,c00776,p4,b007,2024-09-16,Active,
a001156,c00777,p2,b005,2022-09-24,Active,
a001157,c00777,p1,b018,2024-11-04,Active,
a001158,c00778,p2,b011,2019-04-18,Active,
a001159,c00779,p1,b006,2017-11-17,Active,
a001160,c00779,p5,b009,2022-12-16,Active,20631
a001161,c00780,p1,b007,2024-02-17,Active,
a001162,c00781,p2,b014,2024-12-11,Active,
a001163,c00782,p1,b020,2023-11-13,Closed,
a001164,c00783,p2,b020,2024-03-15,Active,
a001165,c00784,p2,b009,2022-07-26,Active,
a001166,c00785,p1,b003,2021-11-10,Active,
a001167,c00785,p3,b009,2021-07-04,Active,
a001168,c00786,p1,b019,2024-10-03,Active,
a001169,c00787,p5,b001,2024-06-09,Closed,17179
a001170,c00787,p5,b013,2023-12-24,Active,3434
a001171,c00788,p1,b013,2024-12-15,Active,
a001172,c00788,p2,b019,2024-12-01,Active,
a001173,c00789,p3,b014,2017-03-16,Active,
a001174,c00790,p2,b008,2024-10-22,Active,
a001175,c00791,p4,b005,2024-07-18,Active,
a001176,c00791,p1,b006,2024-09-30,Active,
a001177,c00792,p4,b003,2024-05-29,Active,
a001178,c00793,p4,b014,2023-08-22,Active,
a001179,c00794,p5,b008,2022-04-29,Active,6660
a001180,c00795,p1,b003,2020-04-24,Active,
a001181,c00796,p5,b002,2023-11-17,Active,17000
a001182,c00797,p3,b016,2020-05-29,Active,
a001183,c00798,p2,b001,2024-11-13,Active,
a001184,c00799,p4,b006,2024-12-05,Active,
a001185,c00800,p5,b001,2024-11-21,Active,19795
a001186,c00801,p2,b017,2018-07-28,Active,
a001187,c00802,p3,b012,2022-08-02,Active,
a001188,c00802,p3,b010,2024-11-09,Active,
a001189,c00803,p3,b011,2023-11-09,Active,
a001190,c00803,p3,b015,2021-08-12,Active,
a001191,c00804,p3,b001,2024-12-06,Active,
a001192,c00804,p5,b010,2024-11-19,Active,6851
a001193,c00805,p4,b020,2024-12-25,Active,
a001194,c00806,p4,b012,2023-03-30,Active,
a001195,c00807,p5,b013,2024-06-03,Active,2758
a001196,c00807,p3,b020,2024-03-09,Active,
a001197,c00808,p2,b019,2023-12-03,Active,
a001198,c00809,p5,b016,2022-02-16,Active,10522
a001199,c00810,p1,b018,2022-07-05,Active,
a001200,c00811,p3,b013,2024-07-14,Active,
a001201,c00812,p4,b015,2023-03-17,Active,
a001202,c00812,p1,b009,2023-12-14,Active,
a001203,c00813,p2,b014,2022-06-12,Active,
a001204,c00813,p5,b018,2024-05-14,Active,20261
a001205,c00814,p1,b019,2024-04-14,Active,
a001206,c00815,p1,b016,2022-10-10,Active,
a001207,c00816,p3,b008,2024-12-08,Active,
a001208,c00816,p1,b017,2024-07-22,Closed,
a001209,c00817,p3,b017,2023-01-22,Active,
a001210,c00818,p4,b010,2021-09-15,Active,
a001211,c00819,p1,b002,2021-12-14,Active,
a001212,c00820,p5,b003,2020-09-08,Active,14720
a001213,c00821,p3,b009,2024-08-03,Active,
a001214,c00821,p5,b006,2024-06-22,Active,3480
a001215,c00822,p4,b006,2024-12-12,Active,
a001216,c00822,p4,b004,2024-12-14,Active,
a001217,c00822,p5,b005,2024-12-02,Active,18014
a001218,c00823,p1,b012,2023-03-19,Active,
a001219,c00824,p5,b016,2024-04-19,Active,7213
a001220,c00824,p5,b004,2024-02-02,Active,2113
a001221,c00824,p5,b008,2024-06-16,Closed,14926
a001222,c00825,p5,b001,2021-01-03,Active,5118
a001223,c00825,p5,b017,2023-02-16,Active,24223
a001224,c00826,p4,b011,2019-10-29,Active,
a001225,c00827,p2,b005,2023-04-19,Active,
a001226,c00827,p4,b014,2022-09-12,Active,
a001227,c00827,p4,b014,2022-08-25,Active,
a001228,c00828,p3,b001,2020-10-07,Active,
a001229,c00828,p4,b003,2023-09-27,Active,
a001230,c00829,p5,b011,2024-12-10,Active,18066
a001231,c00830,p1,b001,2024-03-21,Active,
a001232,c00830,p3,b018,2024-08-25,Active,
a001233,c00830,p2,b007,2024-06-25,Active,
a001234,c00831,p1,b019,2019-06-22,Active,
a001235,c00831,p3,b003,2019-09-11,Active,
a001236,c00832,p1,b018,2024-05-20,Active,
a001237,c00832,p3,b011,2024-01-01,Active,
a001238,c00833,p3,b020,2021-06-28,Active,
a001239,c00833,p3,b007,2022-07-14,Active,
a001240,c00834,p4,b005,2024-07-26,Active,
a001241,c00835,p5,b020,2024-05-19,Active,18557
a001242,c00836,p2,b006,2023-01-04,Active,
a001243,c00836,p5,b001,2023-05-27,Active,3136
a001244,c00837,p2,b013,2024-12-18,Active,
a001245,c00837,p2,b019,2024-06-04,Active,
a001246,c00838,p4,b002,2024-01-22,Active,
a001247,c00839,p5,b013,2023-04-14,Active,17586
a001248,c00840,p5,b005,2023-09-03,Active,14997
a001249,c00841,p4,b002,2021-11-17,Active,
a001250,c00841,p3,b014,2022-12-18,Active,
a001251,c00842,p2,b005,2022-11-01,Active,
a001252,c00843,p2,b007,2024-01-14,Active,
a001253,c00843,p3,b008,2021-04-23,Active,
a001254,c00844,p4,b019,2023-02-20,Active,
a001255,c00845,p4,b016,2017-12-22,Active,
a001256,c00845,p5,b014,2022-10-27,Active,21228
a001257,c00846,p4,b015,2022-04-14,Active,
a001258,c00847,p5,b005,2019-08-01,Active,3415
a001259,c00847,p3,b020,2020-04-03,Active,
a001260,c00847,p4,b007,2020-09-15,Active,
a001261,c00848,p4,b008,2023-09-14,Active,
a001262,c00849,p5,b012,2020-07-27,Active,24384
a001263,c00850,p2,b015,2024-08-03,Active,
a001264,c00850,p2,b018,2023-06-25,Active,
a001265,c00851,p5,b002,2022-06-03,Active,22041
a001266,c00852,p4,b012,2024-10-21,Active,
a001267,c00853,p2,b017,2024-11-09,Active,
a001268,c00854,p1,b020,2023-08-20,Active,
a001269,c00855,p3,b008,2022-09-17,Closed,
a001270,c00856,p5,b017,2023-06-28,Active,14673
a001271,c00856,p3,b009,2024-06-04,Active,
a001272,c00856,p2,b002,2021-08-30,Active,
a001273,c00857,p2,b008,2023-02-10,Active,
a001274,c00857,p1,b020,2024-09-24,Active,
a001275,c00858,p5,b004,2024-12-17,Active,23614
a001276,c00859,p5,b018,2023-01-22,Active,16828
a001277,c00860,p1,b006,2022-04-10,Closed,
a001278,c00860,p4,b006,2023-11-19,Active,
a001279,c00860,p1,b007,2022-01-07,Active,
a001280,c00861,p1,b002,2020-11-30,Active,
a001281,c00861,p1,b009,2023-08-28,Active,
a001282,c00862,p5,b012,2023-07-02,Active,14372
a001283,c00863,p5,b006,2024-01-03,Active,9151
a001284,c00863,p5,b005,2023-06-28,Active,2305
a001285,c00864,p3,b019,2024-04-28,Active,
a001286,c00864,p3,b001,2022-09-29,Active,
a001287,c00865,p2,b001,2023-03-22,Active,
a001288,c00866,p3,b010,2024-04-25,Active,
a001289,c00866,p5,b004,2024-01-15,Active,5290
a001290,c00866,p1,b015,2023-03-04,Active,
a001291,c00867,p4,b015,2021-09-30,Active,
a001292,c00868,p1,b001,2019-06-15,Active,
a001293,c00869,p3,b012,2024-03-28,Active,
a001294,c00870,p3,b004,2022-12-31,Active,
a001295,c00870,p1,b005,2022-05-08,Active,
a001296,c00871,p1,b018,2024-11-24,Active,
a001297,c00872,p4,b006,2024-08-10,Active,
a001298,c00873,p2,b020,2021-09-05,Active,
a001299,c00874,p5,b008,2023-09-10,Active,24026
a001300,c00875,p5,b004,2022-08-10,Active,6312
a001301,c00876,p4,b013,2022-12-08,Active,
a001302,c00877,p1,b006,2020-12-19,Active,
a001303,c00878,p4,b004,2023-10-05,Active,
a001304,c00879,p1,b003,2023-09-17,Active,
a001305,c00880,p3,b010,2024-09-17,Active,
a001306,c00881,p1,b006,2019-09-28,Active,
a001307,c00882,p1,b019,2024-03-01,Active,
a001308,c00883,p1,b008,2022-01-27,Active,
a001309,c00884,p2,b008,2022-12-25,Closed,
a001310,c00885,p4,b016,2024-05-26,Active,
a001311,c00885,p1,b002,2024-12-14,Active,
a001312,c00885,p4,b011,2024-11-25,Closed,
a001313,c00886,p4,b015,2022-07-17,Active,
a001314,c00887,p4,b016,2024-10-03,Active,
a001315,c00887,p4,b006,2024-07-10,Active,
a001316,c00888,p3,b004,2024-07-29,Active,
a001317,c00888,p5,b014,2024-01-18,Active,1590
a001318,c00889,p4,b020,2023-12-16,Active,
a001319,c00890,p1,b015,2024-01-28,Active,
a001320,c00891,p3,b012,2023-01-19,Active,
a001321,c00892,p1,b002,2024-08-29,Active,
a001322,c00893,p4,b001,2022-09-18,Active,
a001323,c00894,p2,b004,2023-11-09,Active,
a001324,c00894,p1,b004,2023-09-10,Active,
a001325,c00895,p3,b015,2021-11-19,Closed,
a001326,c00896,p2,b003,2024-06-13,Active,
a001327,c00897,p4,b011,2022-03-25,Active,
a001328,c00897,p1,b008,2020-12-12,Active,
a001329,c00897,p3,b002,2020-11-03,Active,
a001330,c00898,p5,b006,2024-11-14,Closed,21961
a001331,c00899,p2,b007,2022-11-18,Active,
a001332,c00900,p2,b001,2024-10-26,Active,
a001333,c00900,p4,b003,2019-08-08,Active,
a001334,c00900,p3,b002,2019-08-27,Active,
a001335,c00901,p1,b015,2024-01-28,Active,
a001336,c00901,p2,b012,2023-06-11,Active,
a001337,c00901,p3,b009,2023-09-15,Active,
a001338,c00902,p3,b003,2017-11-06,Active,
a001339,c00903,p1,b017,2023-11-17,Active,
a001340,c00904,p5,b005,2024-12-19,Active,18125
a001341,c00905,p2,b009,2024-03-22,Active,
a001342,c00906,p5,b014,2024-04-25,Active,7964
a001343,c00907,p1,b020,2021-10-01,Active,
a001344,c00907,p2,b002,2021-10-05,Active,
a001345,c00908,p3,b004,2022-07-10,Active,
a001346,c00908,p5,b019,2024-04-01,Active,15158
a001347,c00909,p2,b011,2023-08-10,Active,
a001348,c00910,p4,b020,2022-05-23,Active,
a001349,c00911,p1,b016,2024-10-14,Active,
a001350,c00912,p4,b011,2024-12-30,Active,
a001351,c00913,p3,b020,2023-12-18,Active,
a001352,c00914,p5,b017,2024-11-06,Active,16108
a001353,c00914,p1,b020,2024-01-04,Active,
a001354,c00914,p4,b016,2022-03-27,Active,
a001355,c00915,p4,b003,2020-04-10,Active,
a001356,c00916,p3,b003,2024-12-22,Active,
a001357,c00917,p2,b010,2024-12-02,Active,
a001358,c00917,p4,b013,2024-10-27,Active,
a001359,c00918,p1,b003,2021-01-12,Active,
a001360,c00919,p3,b014,2024-07-21,Active,
a001361,c00919,p4,b010,2024-08-07,Active,
a001362,c00920,p4,b012,2020-06-14,Active,
a001363,c00921,p4,b015,2020-06-18,Active,
a001364,c00921,p5,b010,2017-10-08,Active,16084
a001365,c00922,p1,b015,2022-01-31,Active,
a001366,c00922,p4,b002,2021-03-13,Active,
a001367,c00922,p4,b012,2022-07-08,Active,
a001368,c00923,p2,b004,2024-09-23,Active,
a001369,c00924,p3,b013,2022-07-19,Active,
a001370,c00925,p1,b017,2021-10-07,Active,
a001371,c00926,p3,b019,2021-05-11,Active,
a001372,c00927,p4,b011,2023-01-28,Active,
a001373,c00928,p3,b010,2024-08-31,Active,
a001374,c00928,p3,b008,2024-02-15,Active,
a001375,c00929,p5,b005,2021-12-31,Active,3700
a001376,c00930,p3,b006,2024-06-29,Active,
a001377,c00931,p2,b002,2019-11-18,Active,
a001378,c00932,p4,b011,2024-09-23,Active,
a001379,c00933,p3,b016,2019-07-13,Active,
a001380,c00934,p5,b015,2024-04-21,Active,11950
a001381,c00934,p3,b012,2019-10-20,Active,
a001382,c00935,p2,b002,2024-11-27,Active,
a001383,c00935,p1,b010,2024-10-27,Active,
a001384,c00936,p4,b016,2022-08-15,Active,
a001385,c00937,p5,b016,2024-10-22,Active,23783
a001386,c00938,p3,b014,2022-07-24,Active,
a001387,c00939,p4,b006,2023-05-15,Active,
a001388,c00940,p5,b002,2021-05-17,Active,2052
a001389,c00941,p1,b007,2022-05-03,Active,
a001390,c00941,p3,b012,2020-09-19,Active,
a001391,c00942,p2,b006,2023-10-23,Active,
a001392,c00943,p5,b003,2021-01-13,Active,2132
a001393,c00943,p1,b003,2020-10-22,Active,
a001394,c00944,p3,b014,2018-08-08,Active,
a001395,c00945,p4,b006,2024-10-17,Active,
a001396,c00946,p4,b015,2022-03-21,Active,
a001397,c00946,p1,b003,2019-12-21,Active,
a001398,c00947,p4,b003,2024-11-24,Active,
a001399,c00948,p2,b008,2023-06-27,Active,
a001400,c00949,p4,b013,2024-11-19,Active,
a001401,c00950,p1,b004,2023-09-30,Active,
a001402,c00951,p4,b004,2024-06-19,Active,
a001403,c00952,p1,b011,2024-07-25,Active,
a001404,c00953,p4,b014,2022-07-11,Active,
a001405,c00954,p2,b018,2024-03-14,Active,
a001406,c00955,p3,b020,2023-10-20,Active,
a001407,c00956,p2,b012,2022-05-18,Active,
a001408,c00956,p2,b004,2020-06-17,Active,
a001409,c00956,p2,b011,2018-11-16,Active,
a001410,c00957,p2,b009,2022-05-15,Active,
a001411,c00958,p2,b008,2020-01-17,Active,
a001412,c00959,p5,b011,2024-05-07,Active,24646
a001413,c00959,p4,b007,2024-11-01,Active,
a001414,c00960,p4,b005,2024-11-02,Active,
a001415,c00961,p4,b005,2021-11-06,Active,
a001416,c00962,p3,b018,2019-04-30,Active,
a001417,c00963,p3,b008,2019-10-17,Active,
a001418,c00963,p5,b002,2024-07-10,Active,24442
a001419,c00964,p3,b013,2023-07-21,Active,
a001420,c00964,p2,b001,2024-11-20,Active,
a001421,c00964,p2,b013,2024-12-23,Active,
a001422,c00965,p3,b018,2023-06-17,Active,
a001423,c00966,p3,b020,2018-04-06,Active,
a001424,c00967,p1,b011,2018-10-17,Active,
a001425,c00968,p5,b012,2024-08-01,Active,7464
a001426,c00968,p4,b002,2023-07-31,Active,
a001427,c00969,p5,b001,2022-08-22,Active,2044
a001428,c00969,p4,b005,2024-08-16,Active,
a001429,c00970,p2,b016,2022-08-13,Active,
a001430,c00971,p5,b001,2023-01-05,Active,4118
a001431,c00971,p2,b014,2023-07-29,Active,
a001432,c00972,p3,b011,2021-01-02,Active,
a001433,c00973,p4,b010,2024-03-20,Active,
a001434,c00974,p3,b013,2023-04-15,Active,
a001435,c00975,p4,b011,2024-09-12,Active,
a001436,c00975,p1,b004,2024-08-22,Active,
a001437,c00976,p5,b011,2024-03-21,Active,18751
a001438,c00977,p2,b011,2022-10-25,Active,
a001439,c00978,p1,b020,2017-11-07,Active,
a001440,c00979,p5,b004,2024-09-30,Active,17088
a001441,c00979,p5,b019,2024-10-10,Active,14334
a001442,c00980,p4,b009,2024-11-04,Active,
a001443,c00981,p1,b013,2023-04-25,Active,
a001444,c00982,p4,b010,2024-12-19,Active,
a001445,c00982,p2,b011,2024-07-04,Active,
a001446,c00983,p1,b019,2024-12-28,Active,
a001447,c00984,p2,b017,2024-10-25,Active,
a001448,c00984,p2,b003,2024-06-27,Active,
a001449,c00985,p5,b007,2024-02-15,Active,19492
a001450,c00986,p4,b004,2024-04-09,Active,
a001451,c00986,p1,b020,2024-06-11,Active,
a001452,c00987,p1,b002,2022-07-22,Active,
a001453,c00988,p4,b004,2024-11-16,Active,
a001454,c00988,p2,b005,2024-10-16,Active,
a001455,c00989,p5,b005,2024-10-17,Active,19677
a001456,c00990,p5,b016,2024-01-08,Active,20434
a001457,c00991,p5,b004,2020-01-15,Active,4662
a001458,c00992,p2,b008,2021-12-22,Active,
a001459,c00993,p5,b007,2024-01-01,Active,20440
a001460,c00994,p5,b007,2024-04-28,Active,7733
a001461,c00995,p2,b015,2021-12-24,Active,
a001462,c00996,p2,b014,2022-12-19,Active,
a001463,c00997,p3,b002,2024-11-16,Active,
a001464,c00997,p4,b015,2024-11-08,Active,
a001465,c00998,p4,b015,2020-05-08,Active,
a001466,c00998,p5,b016,2024-07-30,Active,24618
a001467,c00999,p3,b004,2024-07-01,Active,
a001468,c01000,p5,b011,2021-11-20,Active,19893
